AD,Andorra,ES,Spain,ESP
AD,Andorra,FR,France,FRA
AE,United Arab Emirates,SA,Saudi Arabia,SAU
AE,United Arab Emirates,OM,Oman,OMN
AF,Afghanistan,CN,China,CHN
AF,Afghanistan,TJ,Tajikistan,TJK
AF,Afghanistan,TM,Turkmenistan,TKM
AF,Afghanistan,UZ,Uzbekistan,UZB
AF,Afghanistan,IR,Iran (Islamic Republic of),IRN
AF,Afghanistan,PK,Pakistan,PAK
AG,Antigua and Barbuda,,,
AI,Anguilla,,,
AL,Albania,RS,Serbia,SRB
AL,Albania,GR,Greece,GRC
AL,Albania,ME,Montenegro,MNE
AL,Albania,MK,North Macedonia,MKD
AM,Armenia,AZ,Azerbaijan,AZE
AM,Armenia,TR,Turkey,TUR
AM,Armenia,GE,Georgia,GEO
AM,Armenia,IR,Iran (Islamic Republic of),IRN
AO,Angola,CD,Congo (the Democratic Republic of the),COD
AO,Angola,CG,Congo,COG
AO,Angola,ZM,Zambia,ZMB
AO,Angola,NA,Namibia,NAM
AQ,Antarctica,,,
AR,Argentina,PY,Paraguay,PRY
AR,Argentina,BO,Bolivia (Plurinational State Of),BOL
AR,Argentina,BR,Brazil,BRA
AR,Argentina,CL,Chile,CHL
AR,Argentina,UY,Uruguay,URY
AS,American Samoa,,,
AT,Austria,SI,Slovenia,SVN
AT,Austria,SK,Slovakia,SVK
AT,Austria,CH,Switzerland,CHE
AT,Austria,CZ,Czechia,CZE
AT,Austria,DE,Germany,DEU
AT,Austria,HU,Hungary,HUN
AT,Austria,IT,Italy,ITA
AT,Austria,LI,Liechtenstein,LIE
AU,Australia,,,
AW,Aruba,,,
AX,Aland Islands,,,
AZ,Azerbaijan,AM,Armenia,ARM
AZ,Azerbaijan,RU,Russian Federation,RUS
AZ,Azerbaijan,TR,Turkey,TUR
AZ,Azerbaijan,GE,Georgia,GEO
AZ,Azerbaijan,IR,Iran (Islamic Republic of),IRN
BA,Bosnia and Herzegovina,RS,Serbia,SRB
BA,Bosnia and Herzegovina,HR,Croatia,HRV
BA,Bosnia and Herzegovina,ME,Montenegro,MNE
BB,Barbados,,,
BD,Bangladesh,IN,India,IND
BD,Bangladesh,MM,Myanmar,MMR
BE,Belgium,DE,Germany,DEU
BE,Belgium,LU,Luxembourg,LUX
BE,Belgium,NL,Netherlands,NLD
BE,Belgium,FR,France,FRA
BF,Burkina Faso,BJ,Benin,BEN
BF,Burkina Faso,CI,Cote d’Ivoire,CIV
BF,Burkina Faso,TG,Togo,TGO
BF,Burkina Faso,GH,Ghana,GHA
BF,Burkina Faso,ML,Mali,MLI
BF,Burkina Faso,NE,Niger,NER
BG,Bulgaria,RO,Romania,ROU
BG,Bulgaria,RS,Serbia,SRB
BG,Bulgaria,TR,Turkey,TUR
BG,Bulgaria,GR,Greece,GRC
BG,Bulgaria,MK,North Macedonia,MKD
BH,Bahrain,,,
BI,Burundi,RW,Rwanda,RWA
BI,Burundi,CD,Congo (the Democratic Republic of the),COD
BI,Burundi,TZ,Tanzania (the United Republic of),TZA
BJ,Benin,BF,Burkina Faso,BFA
BJ,Benin,TG,Togo,TGO
BJ,Benin,NG,Nigeria,NGA
BJ,Benin,NE,Niger,NER
BL,Saint Barthelemy,,,
BM,Bermuda,,,
BN,Brunei Darussalam,MY,Malaysia,MYS
BO,Bolivia (Plurinational State Of),PY,Paraguay,PRY
BO,Bolivia (Plurinational State Of),AR,Argentina,ARG
BO,Bolivia (Plurinational State Of),BR,Brazil,BRA
BO,Bolivia (Plurinational State Of),CL,Chile,CHL
BO,Bolivia (Plurinational State Of),PE,Peru,PER
BQ,"Bonaire, Sint Eustatius and Saba",,,
BR,Brazil,PY,Paraguay,PRY
BR,Brazil,AR,Argentina,ARG
BR,Brazil,SR,Suriname,SUR
BR,Brazil,CO,Colombia,COL
BR,Brazil,UY,Uruguay,URY
BR,Brazil,VE,Venezuela (Bolivarian Republic of),VEN
BR,Brazil,GF,French Guiana,GUF
BR,Brazil,GY,Guyana,GUY
BR,Brazil,BO,Bolivia (Plurinational State Of),BOL
BR,Brazil,PE,Peru,PER
BS,Bahamas,,,
BT,Bhutan,CN,China,CHN
BT,Bhutan,IN,India,IND
BV,Bouvet Island,,,
BW,Botswana,ZA,South Africa,ZAF
BW,Botswana,ZM,Zambia,ZMB
BW,Botswana,ZW,Zimbabwe,ZWE
BW,Botswana,NA,Namibia,NAM
BY,Belarus,RU,Russian Federation,RUS
BY,Belarus,UA,Ukraine,UKR
BY,Belarus,LT,Lithuania,LTU
BY,Belarus,LV,Latvia,LVA
BY,Belarus,PL,Poland,POL
BZ,Belize,GT,Guatemala,GTM
BZ,Belize,MX,Mexico,MEX
CA,Canada,US,United States of America,USA
CC,Cocos (Keeling) Islands,,,
CD,Congo (the Democratic Republic of the),AO,Angola,AGO
CD,Congo (the Democratic Republic of the),RW,Rwanda,RWA
CD,Congo (the Democratic Republic of the),BI,Burundi,BDI
CD,Congo (the Democratic Republic of the),SS,South Sudan,SSD
CD,Congo (the Democratic Republic of the),CF,Central African Republic,CAF
CD,Congo (the Democratic Republic of the),CG,Congo,COG
CD,Congo (the Democratic Republic of the),UG,Uganda,UGA
CD,Congo (the Democratic Republic of the),ZM,Zambia,ZMB
CD,Congo (the Democratic Republic of the),TZ,Tanzania (the United Republic of),TZA
CF,Central African Republic,SD,Sudan,SDN
CF,Central African Republic,CG,Congo,COG
CF,Central African Republic,CM,Cameroon,CMR
CF,Central African Republic,TD,Chad,TCD
CF,Central African Republic,SS,South Sudan,SSD
CF,Central African Republic,CD,Congo (the Democratic Republic of the),COD
CG,Congo,AO,Angola,AGO
CG,Congo,CF,Central African Republic,CAF
CG,Congo,CM,Cameroon,CMR
CG,Congo,GA,Gabon,GAB
CG,Congo,CD,Congo (the Democratic Republic of the),COD
CH,Switzerland,AT,Austria,AUT
CH,Switzerland,DE,Germany,DEU
CH,Switzerland,IT,Italy,ITA
CH,Switzerland,LI,Liechtenstein,LIE
CH,Switzerland,FR,France,FRA
CI,Cote d’Ivoire,BF,Burkina Faso,BFA
CI,Cote d’Ivoire,GH,Ghana,GHA
CI,Cote d’Ivoire,GN,Guinea,GIN
CI,Cote d’Ivoire,LR,Liberia,LBR
CI,Cote d’Ivoire,ML,Mali,MLI
CK,Cook Islands,,,
CL,Chile,AR,Argentina,ARG
CL,Chile,BO,Bolivia (Plurinational State Of),BOL
CL,Chile,PE,Peru,PER
CM,Cameroon,CF,Central African Republic,CAF
CM,Cameroon,CG,Congo,COG
CM,Cameroon,TD,Chad,TCD
CM,Cameroon,GA,Gabon,GAB
CM,Cameroon,GQ,Equatorial Guinea,GNQ
CM,Cameroon,NG,Nigeria,NGA
CN,China,AF,Afghanistan,AFG
CN,China,RU,Russian Federation,RUS
CN,China,BT,Bhutan,BTN
CN,China,TJ,Tajikistan,TJK
CN,China,VN,Viet Nam,VNM
CN,China,HK,Hong Kong,HKG
CN,China,IN,India,IND
CN,China,KG,Kyrgyzstan,KGZ
CN,China,KP,Korea (Democratic People's Republic of),PRK
CN,China,KZ,Kazakhstan,KAZ
CN,China,MM,Myanmar,MMR
CN,China,MN,Mongolia,MNG
CN,China,MO,Macao,MAC
CN,China,NP,Nepal,NPL
CN,China,PK,Pakistan,PAK
CN,China,LA,Lao People's Democratic Republic,LAO
CO,Colombia,BR,Brazil,BRA
CO,Colombia,EC,Ecuador,ECU
CO,Colombia,VE,Venezuela (Bolivarian Republic of),VEN
CO,Colombia,PA,Panama,PAN
CO,Colombia,PE,Peru,PER
country_code,country_name,country_border_code,country_border_name,county_currency_iso_code
CR,Costa Rica,NI,Nicaragua,NIC
CR,Costa Rica,PA,Panama,PAN
CU,Cuba,,,
CV,Cabo Verde,,,
CW,Curacao,,,
CX,Christmas Island,,,
CY,Cyprus,,,
CZ,Czechia,AT,Austria,AUT
CZ,Czechia,SK,Slovakia,SVK
CZ,Czechia,DE,Germany,DEU
CZ,Czechia,PL,Poland,POL
DE,Germany,BE,Belgium,BEL
DE,Germany,CH,Switzerland,CHE
DE,Germany,CZ,Czechia,CZE
DE,Germany,DK,Denmark,DNK
DE,Germany,FR,France,FRA
DE,Germany,LU,Luxembourg,LUX
DE,Germany,NL,Netherlands,NLD
DE,Germany,PL,Poland,POL
DE,Germany,AT,Austria,AUT
DJ,Djibouti,SO,Somalia,SOM
DJ,Djibouti,ER,Eritrea,ERI
DJ,Djibouti,ET,Ethiopia,ETH
DK,Denmark,DE,Germany,DEU
DM,Dominica,,,
DO,Dominican Republic,HT,Haiti,HTI
DZ,Algeria,TN,Tunisia,TUN
DZ,Algeria,EH,Western Sahara,ESH
DZ,Algeria,LY,Libya,LBY
DZ,Algeria,MA,Morocco,MAR
DZ,Algeria,ML,Mali,MLI
DZ,Algeria,MR,Mauritania,MRT
DZ,Algeria,NE,Niger,NER
EC,Ecuador,CO,Colombia,COL
EC,Ecuador,PE,Peru,PER
EE,Estonia,RU,Russian Federation,RUS
EE,Estonia,LV,Latvia,LVA
EG,Egypt,PS,"Palestine, State of",PSE
EG,Egypt,SD,Sudan,SDN
EG,Egypt,IL,Israel,ISR
EG,Egypt,LY,Libya,LBY
EH,Western Sahara,DZ,Algeria,DZA
EH,Western Sahara,MA,Morocco,MAR
EH,Western Sahara,MR,Mauritania,MRT
ER,Eritrea,SD,Sudan,SDN
ER,Eritrea,DJ,Djibouti,DJI
ER,Eritrea,ET,Ethiopia,ETH
ES,Spain,PT,Portugal,PRT
ES,Spain,AD,Andorra,AND
ES,Spain,FR,France,FRA
ES,Spain,GI,Gibraltar,GIB
ES,Spain,MA,Morocco,MAR
ET,Ethiopia,SD,Sudan,SDN
ET,Ethiopia,SO,Somalia,SOM
ET,Ethiopia,SS,South Sudan,SSD
ET,Ethiopia,DJ,Djibouti,DJI
ET,Ethiopia,ER,Eritrea,ERI
ET,Ethiopia,KE,Kenya,KEN
FI,Finland,SE,Sweden,SWE
FI,Finland,NO,Norway,NOR
FI,Finland,RU,Russian Federation,RUS
FJ,Fiji,,,
FK,Falkland Islands (Malvinas),,,
FM,Micronesia (Federated States of),,,
FO,Faroe Islands,,,
FR,France,CH,Switzerland,CHE
FR,France,ES,Spain,ESP
FR,France,IT,Italy,ITA
FR,France,MC,Monaco,MCO
FR,France,AD,Andorra,AND
FR,France,BE,Belgium,BEL
FR,France,DE,Germany,DEU
FR,France,LU,Luxembourg,LUX
GA,Gabon,CM,Cameroon,CMR
GA,Gabon,CG,Congo,COG
GA,Gabon,GQ,Equatorial Guinea,GNQ
GB,United Kingdom of Great Britain and Northern Ireland,IE,Ireland,IRL
GD,Grenada,,,
GE,Georgia,AM,Armenia,ARM
GE,Georgia,AZ,Azerbaijan,AZE
GE,Georgia,TR,Turkey,TUR
GE,Georgia,RU,Russian Federation,RUS
GF,French Guiana,BR,Brazil,BRA
GF,French Guiana,SR,Suriname,SUR
GG,Guernsey,,,
GH,Ghana,BF,Burkina Faso,BFA
GH,Ghana,CI,Cote d’Ivoire,CIV
GH,Ghana,TG,Togo,TGO
GI,Gibraltar,ES,Spain,ESP
GL,Greenland,,,
GM,Gambia (the),SN,Senegal,SEN
GN,Guinea,SL,Sierra Leone,SLE
GN,Guinea,SN,Senegal,SEN
GN,Guinea,GW,Guinea-Bissau,GNB
GN,Guinea,LR,Liberia,LBR
GN,Guinea,CI,Cote d’Ivoire,CIV
GN,Guinea,ML,Mali,MLI
GP,Guadeloupe,,,
GQ,Equatorial Guinea,CM,Cameroon,CMR
GQ,Equatorial Guinea,GA,Gabon,GAB
GR,Greece,AL,Albania,ALB
GR,Greece,MK,North Macedonia,MKD
GR,Greece,BG,Bulgaria,BGR
GR,Greece,TR,Turkey,TUR
GS,South Georgia and the South Sandwich Islands,,,
GT,Guatemala,BZ,Belize,BLZ
GT,Guatemala,SV,El Salvador,SLV
GT,Guatemala,HN,Honduras,HND
GT,Guatemala,MX,Mexico,MEX
GU,Guam,,,
GW,Guinea-Bissau,SN,Senegal,SEN
GW,Guinea-Bissau,GN,Guinea,GIN
GY,Guyana,BR,Brazil,BRA
GY,Guyana,SR,Suriname,SUR
GY,Guyana,VE,Venezuela (Bolivarian Republic of),VEN
HK,Hong Kong,CN,China,CHN
HM,Heard Island and McDonald Islands,,,
HN,Honduras,SV,El Salvador,SLV
HN,Honduras,GT,Guatemala,GTM
HN,Honduras,NI,Nicaragua,NIC
HR,Croatia,BA,Bosnia and Herzegovina,BIH
HR,Croatia,RS,Serbia,SRB
HR,Croatia,SI,Slovenia,SVN
HR,Croatia,HU,Hungary,HUN
HR,Croatia,ME,Montenegro,MNE
HT,Haiti,DO,Dominican Republic,DOM
HU,Hungary,AT,Austria,AUT
HU,Hungary,RO,Romania,ROU
HU,Hungary,RS,Serbia,SRB
HU,Hungary,SI,Slovenia,SVN
HU,Hungary,SK,Slovakia,SVK
HU,Hungary,UA,Ukraine,UKR
HU,Hungary,HR,Croatia,HRV
ID,Indonesia,TL,Timor-Leste,TLS
ID,Indonesia,MY,Malaysia,MYS
ID,Indonesia,PG,Papua New Guinea,PNG
IE,Ireland,GB,United Kingdom of Great Britain and Northern Ireland,GBR
IL,Israel,SY,Syrian Arab Republic,SYR
IL,Israel,EG,Egypt,EGY
IL,Israel,JO,Jordan,JOR
IL,Israel,LB,Lebanon,LBN
IL,Israel,PS,"Palestine, State of",PSE
IM,Isle of Man,,,
IN,India,BD,Bangladesh,BGD
IN,India,BT,Bhutan,BTN
IN,India,CN,China,CHN
IN,India,MM,Myanmar,MMR
IN,India,NP,Nepal,NPL
IN,India,PK,Pakistan,PAK
IO,British Indian Ocean Territory,,,
IQ,Iraq,SA,Saudi Arabia,SAU
IQ,Iraq,TR,Turkey,TUR
IQ,Iraq,IR,Iran (Islamic Republic of),IRN
IQ,Iraq,JO,Jordan,JOR
IQ,Iraq,KW,Kuwait,KWT
IQ,Iraq,SY,Syrian Arab Republic,SYR
IR,Iran (Islamic Republic of),AF,Afghanistan,AFG
IR,Iran (Islamic Republic of),AM,Armenia,ARM
IR,Iran (Islamic Republic of),AZ,Azerbaijan,AZE
IR,Iran (Islamic Republic of),TM,Turkmenistan,TKM
IR,Iran (Islamic Republic of),TR,Turkey,TUR
IR,Iran (Islamic Republic of),IQ,Iraq,IRQ
IR,Iran (Islamic Republic of),PK,Pakistan,PAK
IS,Iceland,,,
IT,Italy,AT,Austria,AUT
IT,Italy,SI,Slovenia,SVN
IT,Italy,SM,San Marino,SMR
IT,Italy,CH,Switzerland,CHE
IT,Italy,VA,Holy See,VAT
IT,Italy,FR,France,FRA
JE,Jersey,,,
JM,Jamaica,,,
JO,Jordan,SA,Saudi Arabia,SAU
JO,Jordan,IL,Israel,ISR
JO,Jordan,PS,"Palestine, State of",PSE
JO,Jordan,SY,Syrian Arab Republic,SYR
JO,Jordan,IQ,Iraq,IRQ
JP,Japan,,,
KE,Kenya,SO,Somalia,SOM
KE,Kenya,SS,South Sudan,SSD
KE,Kenya,TZ,Tanzania (the United Republic of),TZA
KE,Kenya,UG,Uganda,UGA
KE,Kenya,ET,Ethiopia,ETH
KG,Kyrgyzstan,CN,China,CHN
KG,Kyrgyzstan,TJ,Tajikistan,TJK
KG,Kyrgyzstan,UZ,Uzbekistan,UZB
KG,Kyrgyzstan,KZ,Kazakhstan,KAZ
KH,Cambodia,TH,Thailand,THA
KH,Cambodia,VN,Viet Nam,VNM
KH,Cambodia,LA,Lao People's Democratic Republic,LAO
KI,Kiribati,,,
KM,Comoros,,,
KN,Saint Kitts and Nevis,,,
KP,Korea (Democratic People's Republic of),RU,Russian Federation,RUS
KP,Korea (Democratic People's Republic of),CN,China,CHN
KP,Korea (Democratic People's Republic of),KR,Korea (the Republic of),KOR
KR,Korea (the Republic of),KP,Korea (Democratic People's Republic of),PRK
KW,Kuwait,SA,Saudi Arabia,SAU
KW,Kuwait,IQ,Iraq,IRQ
KY,Cayman Islands,,,
KZ,Kazakhstan,TM,Turkmenistan,TKM
KZ,Kazakhstan,UZ,Uzbekistan,UZB
KZ,Kazakhstan,KG,Kyrgyzstan,KGZ
KZ,Kazakhstan,RU,Russian Federation,RUS
KZ,Kazakhstan,CN,China,CHN
LA,Lao People's Democratic Republic,TH,Thailand,THA
LA,Lao People's Democratic Republic,VN,Viet Nam,VNM
LA,Lao People's Democratic Republic,KH,Cambodia,KHM
LA,Lao People's Democratic Republic,CN,China,CHN
LA,Lao People's Democratic Republic,MM,Myanmar,MMR
LB,Lebanon,IL,Israel,ISR
LB,Lebanon,SY,Syrian Arab Republic,SYR
LC,Saint Lucia,,,
LI,Liechtenstein,CH,Switzerland,CHE
LI,Liechtenstein,AT,Austria,AUT
LK,Sri Lanka,,,
LR,Liberia,SL,Sierra Leone,SLE
LR,Liberia,CI,Cote d’Ivoire,CIV
LR,Liberia,GN,Guinea,GIN
LS,Lesotho,ZA,South Africa,ZAF
LT,Lithuania,BY,Belarus,BLR
LT,Lithuania,LV,Latvia,LVA
LT,Lithuania,PL,Poland,POL
LT,Lithuania,RU,Russian Federation,RUS
LU,Luxembourg,BE,Belgium,BEL
LU,Luxembourg,DE,Germany,DEU
LU,Luxembourg,FR,France,FRA
LV,Latvia,BY,Belarus,BLR
LV,Latvia,EE,Estonia,EST
LV,Latvia,LT,Lithuania,LTU
LV,Latvia,RU,Russian Federation,RUS
LY,Libya,SD,Sudan,SDN
LY,Libya,TD,Chad,TCD
LY,Libya,TN,Tunisia,TUN
LY,Libya,DZ,Algeria,DZA
LY,Libya,EG,Egypt,EGY
LY,Libya,NE,Niger,NER
MA,Morocco,DZ,Algeria,DZA
MA,Morocco,EH,Western Sahara,ESH
MA,Morocco,ES,Spain,ESP
MC,Monaco,FR,France,FRA
MD,Moldova (the Republic of),RO,Romania,ROU
MD,Moldova (the Republic of),UA,Ukraine,UKR
ME,Montenegro,AL,Albania,ALB
ME,Montenegro,RS,Serbia,SRB
ME,Montenegro,HR,Croatia,HRV
ME,Montenegro,BA,Bosnia and Herzegovina,BIH
MF,Saint Martin (French part),SX,Sint Maarten (Dutch part),SXM
MG,Madagascar,,,
MH,Marshall Islands,,,
MK,North Macedonia,AL,Albania,ALB
MK,North Macedonia,GR,Greece,GRC
MK,North Macedonia,RS,Serbia,SRB
MK,North Macedonia,BG,Bulgaria,BGR
ML,Mali,BF,Burkina Faso,BFA
ML,Mali,SN,Senegal,SEN
ML,Mali,CI,Cote d’Ivoire,CIV
ML,Mali,DZ,Algeria,DZA
ML,Mali,GN,Guinea,GIN
ML,Mali,MR,Mauritania,MRT
ML,Mali,NE,Niger,NER
MM,Myanmar,BD,Bangladesh,BGD
MM,Myanmar,CN,China,CHN
MM,Myanmar,TH,Thailand,THA
MM,Myanmar,IN,India,IND
MM,Myanmar,LA,Lao People's Democratic Republic,LAO
MN,Mongolia,RU,Russian Federation,RUS
MN,Mongolia,CN,China,CHN
MO,Macao,CN,China,CHN
MP,Northern Mariana Islands,,,
MQ,Martinique,,,
MR,Mauritania,DZ,Algeria,DZA
MR,Mauritania,EH,Western Sahara,ESH
MR,Mauritania,ML,Mali,MLI
MR,Mauritania,SN,Senegal,SEN
MS,Montserrat,,,
MT,Malta,,,
MU,Mauritius,,,
MV,Maldives,,,
MW,Malawi,TZ,Tanzania (the United Republic of),TZA
MW,Malawi,ZM,Zambia,ZMB
MW,Malawi,MZ,Mozambique,MOZ
MX,Mexico,BZ,Belize,BLZ
MX,Mexico,US,United States of America,USA
MX,Mexico,GT,Guatemala,GTM
MY,Malaysia,BN,Brunei Darussalam,BRN
MY,Malaysia,TH,Thailand,THA
MY,Malaysia,ID,Indonesia,IDN
MZ,Mozambique,SZ,Eswatini,SWZ
MZ,Mozambique,TZ,Tanzania (the United Republic of),TZA
MZ,Mozambique,ZA,South Africa,ZAF
MZ,Mozambique,ZM,Zambia,ZMB
MZ,Mozambique,ZW,Zimbabwe,ZWE
MZ,Mozambique,MW,Malawi,MWI
NA,Namibia,AO,Angola,AGO
NA,Namibia,BW,Botswana,BWA
NA,Namibia,ZA,South Africa,ZAF
NA,Namibia,ZM,Zambia,ZMB
NC,New Caledonia,,,
NE,Niger,BF,Burkina Faso,BFA
NE,Niger,BJ,Benin,BEN
NE,Niger,TD,Chad,TCD
NE,Niger,DZ,Algeria,DZA
NE,Niger,LY,Libya,LBY
NE,Niger,NG,Nigeria,NGA
NE,Niger,ML,Mali,MLI
NF,Norfolk Island,,,
NG,Nigeria,BJ,Benin,BEN
NG,Nigeria,CM,Cameroon,CMR
NG,Nigeria,TD,Chad,TCD
NG,Nigeria,NE,Niger,NER
NI,Nicaragua,CR,Costa Rica,CRI
NI,Nicaragua,HN,Honduras,HND
NL,Netherlands,BE,Belgium,BEL
NL,Netherlands,DE,Germany,DEU
NO,Norway,RU,Russian Federation,RUS
NO,Norway,SE,Sweden,SWE
NO,Norway,FI,Finland,FIN
NP,Nepal,IN,India,IND
NP,Nepal,CN,China,CHN
NR,Nauru,,,
NU,Niue,,,
NZ,New Zealand,,,
OM,Oman,AE,United Arab Emirates,ARE
OM,Oman,SA,Saudi Arabia,SAU
OM,Oman,YE,Yemen,YEM
PA,Panama,CO,Colombia,COL
PA,Panama,CR,Costa Rica,CRI
PE,Peru,BO,Bolivia (Plurinational State Of),BOL
PE,Peru,BR,Brazil,BRA
PE,Peru,CL,Chile,CHL
PE,Peru,CO,Colombia,COL
PE,Peru,EC,Ecuador,ECU
PF,French Polynesia,,,
PG,Papua New Guinea,ID,Indonesia,IDN
PH,Philippines,,,
PK,Pakistan,AF,Afghanistan,AFG
PK,Pakistan,IR,Iran (Islamic Republic of),IRN
PK,Pakistan,CN,China,CHN
PK,Pakistan,IN,India,IND
PL,Poland,BY,Belarus,BLR
PL,Poland,SK,Slovakia,SVK
PL,Poland,CZ,Czechia,CZE
PL,Poland,DE,Germany,DEU
PL,Poland,UA,Ukraine,UKR
PL,Poland,LT,Lithuania,LTU
PL,Poland,RU,Russian Federation,RUS
PM,Saint Pierre and Miquelon,,,
PN,Pitcairn,,,
PR,Puerto Rico,,,
PS,"Palestine, State of",EG,Egypt,EGY
PS,"Palestine, State of",IL,Israel,ISR
PS,"Palestine, State of",JO,Jordan,JOR
PT,Portugal,ES,Spain,ESP
PW,Palau,,,
PY,Paraguay,AR,Argentina,ARG
PY,Paraguay,BO,Bolivia (Plurinational State Of),BOL
PY,Paraguay,BR,Brazil,BRA
QA,Qatar,SA,Saudi Arabia,SAU
RE,Reunion,,,
RO,Romania,UA,Ukraine,UKR
RO,Romania,HU,Hungary,HUN
RO,Romania,MD,Moldova (the Republic of),MDA
RO,Romania,RS,Serbia,SRB
RO,Romania,BG,Bulgaria,BGR
RS,Serbia,AL,Albania,ALB
RS,Serbia,RO,Romania,ROU
RS,Serbia,BA,Bosnia and Herzegovina,BIH
RS,Serbia,HR,Croatia,HRV
RS,Serbia,ME,Montenegro,MNE
RS,Serbia,MK,North Macedonia,MKD
RS,Serbia,BG,Bulgaria,BGR
RS,Serbia,HU,Hungary,HUN
RU,Russian Federation,AZ,Azerbaijan,AZE
RU,Russian Federation,BY,Belarus,BLR
RU,Russian Federation,UA,Ukraine,UKR
RU,Russian Federation,EE,Estonia,EST
RU,Russian Federation,GE,Georgia,GEO
RU,Russian Federation,KP,Korea (Democratic People's Republic of),PRK
RU,Russian Federation,KZ,Kazakhstan,KAZ
RU,Russian Federation,LT,Lithuania,LTU
RU,Russian Federation,LV,Latvia,LVA
RU,Russian Federation,MN,Mongolia,MNG
RU,Russian Federation,NO,Norway,NOR
RU,Russian Federation,PL,Poland,POL
RU,Russian Federation,CN,China,CHN
RU,Russian Federation,FI,Finland,FIN
RW,Rwanda,BI,Burundi,BDI
RW,Rwanda,CD,Congo (the Democratic Republic of the),COD
RW,Rwanda,TZ,Tanzania (the United Republic of),TZA
RW,Rwanda,UG,Uganda,UGA
SA,Saudi Arabia,QA,Qatar,QAT
SA,Saudi Arabia,AE,United Arab Emirates,ARE
SA,Saudi Arabia,YE,Yemen,YEM
SA,Saudi Arabia,IQ,Iraq,IRQ
SA,Saudi Arabia,JO,Jordan,JOR
SA,Saudi Arabia,KW,Kuwait,KWT
SA,Saudi Arabia,OM,Oman,OMN
SB,Solomon Islands,,,
SC,Seychelles,,,
SD,Sudan,SS,South Sudan,SSD
SD,Sudan,CF,Central African Republic,CAF
SD,Sudan,TD,Chad,TCD
SD,Sudan,EG,Egypt,EGY
SD,Sudan,ER,Eritrea,ERI
SD,Sudan,ET,Ethiopia,ETH
SD,Sudan,LY,Libya,LBY
SE,Sweden,FI,Finland,FIN
SE,Sweden,NO,Norway,NOR
SG,Singapore,,,
SH,"Saint Helena,""Ascension and Tristan da Cunha",,,
SI,Slovenia,AT,Austria,AUT
SI,Slovenia,HR,Croatia,HRV
SI,Slovenia,HU,Hungary,HUN
SI,Slovenia,IT,Italy,ITA
SJ,Svalbard and Jan Mayen,,,
SK,Slovakia,AT,Austria,AUT
SK,Slovakia,CZ,Czechia,CZE
SK,Slovakia,UA,Ukraine,UKR
SK,Slovakia,PL,Poland,POL
SK,Slovakia,HU,Hungary,HUN
SL,Sierra Leone,GN,Guinea,GIN
SL,Sierra Leone,LR,Liberia,LBR
SM,San Marino,IT,Italy,ITA
SN,Senegal,GM,Gambia (the),GMB
SN,Senegal,GN,Guinea,GIN
SN,Senegal,GW,Guinea-Bissau,GNB
SN,Senegal,ML,Mali,MLI
SN,Senegal,MR,Mauritania,MRT
SO,Somalia,DJ,Djibouti,DJI
SO,Somalia,ET,Ethiopia,ETH
SO,Somalia,KE,Kenya,KEN
SR,Suriname,BR,Brazil,BRA
SR,Suriname,GF,French Guiana,GUF
SR,Suriname,GY,Guyana,GUY
SS,South Sudan,SD,Sudan,SDN
SS,South Sudan,CF,Central African Republic,CAF
SS,South Sudan,UG,Uganda,UGA
SS,South Sudan,ET,Ethiopia,ETH
SS,South Sudan,KE,Kenya,KEN
SS,South Sudan,CD,Congo (the Democratic Republic of the),COD
ST,Sao Tome and Principe,,,
SV,El Salvador,GT,Guatemala,GTM
SV,El Salvador,HN,Honduras,HND
SX,Sint Maarten (Dutch part),MF,Saint Martin (French part),MAF
SY,Syrian Arab Republic,TR,Turkey,TUR
SY,Syrian Arab Republic,IL,Israel,ISR
SY,Syrian Arab Republic,IQ,Iraq,IRQ
SY,Syrian Arab Republic,JO,Jordan,JOR
SY,Syrian Arab Republic,LB,Lebanon,LBN
SZ,Eswatini,ZA,South Africa,ZAF
SZ,Eswatini,MZ,Mozambique,MOZ
TC,Turks and Caicos Islands,,,
TD,Chad,SD,Sudan,SDN
TD,Chad,CF,Central African Republic,CAF
TD,Chad,CM,Cameroon,CMR
TD,Chad,LY,Libya,LBY
TD,Chad,NE,Niger,NER
TD,Chad,NG,Nigeria,NGA
TF,French Southern Territories,,,
TG,Togo,BF,Burkina Faso,BFA
TG,Togo,BJ,Benin,BEN
TG,Togo,GH,Ghana,GHA
TH,Thailand,KH,Cambodia,KHM
TH,Thailand,LA,Lao People's Democratic Republic,LAO
TH,Thailand,MM,Myanmar,MMR
TH,Thailand,MY,Malaysia,MYS
TJ,Tajikistan,AF,Afghanistan,AFG
TJ,Tajikistan,CN,China,CHN
TJ,Tajikistan,UZ,Uzbekistan,UZB
TJ,Tajikistan,KG,Kyrgyzstan,KGZ
TK,Tokelau,,,
TL,Timor-Leste,ID,Indonesia,IDN
TM,Turkmenistan,UZ,Uzbekistan,UZB
TM,Turkmenistan,IR,Iran (Islamic Republic of),IRN
TM,Turkmenistan,KZ,Kazakhstan,KAZ
TM,Turkmenistan,AF,Afghanistan,AFG
TN,Tunisia,DZ,Algeria,DZA
TN,Tunisia,LY,Libya,LBY
TO,Tonga,,,
TR,Turkey,AM,Armenia,ARM
TR,Turkey,AZ,Azerbaijan,AZE
TR,Turkey,SY,Syrian Arab Republic,SYR
TR,Turkey,GE,Georgia,GEO
TR,Turkey,GR,Greece,GRC
TR,Turkey,IR,Iran (Islamic Republic of),IRN
TR,Turkey,BG,Bulgaria,BGR
TR,Turkey,IQ,Iraq,IRQ
TT,Trinidad and Tobago,,,
TV,Tuvalu,,,
TW,Taiwan (Province of China),,,
TZ,Tanzania (the United Republic of),RW,Rwanda,RWA
TZ,Tanzania (the United Republic of),BI,Burundi,BDI
TZ,Tanzania (the United Republic of),UG,Uganda,UGA
TZ,Tanzania (the United Republic of),ZM,Zambia,ZMB
TZ,Tanzania (the United Republic of),MW,Malawi,MWI
TZ,Tanzania (the United Republic of),CD,Congo (the Democratic Republic of the),COD
TZ,Tanzania (the United Republic of),KE,Kenya,KEN
TZ,Tanzania (the United Republic of),MZ,Mozambique,MOZ
UA,Ukraine,RO,Romania,ROU
UA,Ukraine,RU,Russian Federation,RUS
UA,Ukraine,BY,Belarus,BLR
UA,Ukraine,SK,Slovakia,SVK
UA,Ukraine,MD,Moldova (the Republic of),MDA
UA,Ukraine,PL,Poland,POL
UA,Ukraine,HU,Hungary,HUN
UG,Uganda,SS,South Sudan,SSD
UG,Uganda,TZ,Tanzania (the United Republic of),TZA
UG,Uganda,KE,Kenya,KEN
UG,Uganda,RW,Rwanda,RWA
UG,Uganda,CD,Congo (the Democratic Republic of the),COD
UM,United States Minor Outlying Islands,,,
US,United States of America,CA,Canada,CAN
US,United States of America,MX,Mexico,MEX
UY,Uruguay,AR,Argentina,ARG
UY,Uruguay,BR,Brazil,BRA
UZ,Uzbekistan,TJ,Tajikistan,TJK
UZ,Uzbekistan,TM,Turkmenistan,TKM
UZ,Uzbekistan,KG,Kyrgyzstan,KGZ
UZ,Uzbekistan,KZ,Kazakhstan,KAZ
UZ,Uzbekistan,AF,Afghanistan,AFG
VA,Holy See,IT,Italy,ITA
VC,Saint Vincent and the Grenadines,,,
VE,Venezuela (Bolivarian Republic of),BR,Brazil,BRA
VE,Venezuela (Bolivarian Republic of),CO,Colombia,COL
VE,Venezuela (Bolivarian Republic of),GY,Guyana,GUY
VG,Virgin Islands (British),,,
VI,Virgin Islands (U.S.),,,
VN,Viet Nam,CN,China,CHN
VN,Viet Nam,KH,Cambodia,KHM
VN,Viet Nam,LA,Lao People's Democratic Republic,LAO
VU,Vanuatu,,,
WF,Wallis and Futuna,,,
WS,Samoa,,,
YE,Yemen,SA,Saudi Arabia,SAU
YE,Yemen,OM,Oman,OMN
YT,Mayotte,,,
ZA,South Africa,BW,Botswana,BWA
ZA,South Africa,SZ,Eswatini,SWZ
ZA,South Africa,ZW,Zimbabwe,ZWE
ZA,South Africa,LS,Lesotho,LSO
ZA,South Africa,MZ,Mozambique,MOZ
ZA,South Africa,NA,Namibia,NAM
ZM,Zambia,AO,Angola,AGO
ZM,Zambia,BW,Botswana,BWA
ZM,Zambia,CD,Congo (the Democratic Republic of the),COD
ZM,Zambia,TZ,Tanzania (the United Republic of),TZA
ZM,Zambia,ZW,Zimbabwe,ZWE
ZM,Zambia,MW,Malawi,MWI
ZM,Zambia,MZ,Mozambique,MOZ
ZM,Zambia,NA,Namibia,NAM
ZW,Zimbabwe,BW,Botswana,BWA
ZW,Zimbabwe,ZA,South Africa,ZAF
ZW,Zimbabwe,ZM,Zambia,ZMB
ZW,Zimbabwe,MZ,Mozambique,MOZ
